experiment_name,model,seed,lr,input_seq_len,num_kv_pairs,vocab_size,min_query_pos,params,best_val_answer_loss,best_val_answer_accuracy,test_loss_ckpt_answer_accuracy,test_acc_ckpt_answer_accuracy,test_loss_ckpt_exact_match,test_acc_ckpt_exact_match,primary_acc,primary_em,regime,group,model_short,setting_key,parsed_name_ok
mqar_bugcheck_mamba2_depth4_kv16_vocab512_lr1e4_seed42,Mamba2 depth=4,42,0.0001,128,16,512,,1931712,0.08199238,0.98553125,0.98590625,0.98590625,0.79650000,0.79650000,0.98590625,0.79650000,interesting,,,,0
mqar_bugcheck_mamba2_depth4_kv16_vocab512_lr1e4_seed43,Mamba2 depth=4,43,0.0001,128,16,512,,1931712,0.11892476,0.97431250,0.97525000,0.97525000,0.67250000,0.67250000,0.97525000,0.67250000,interesting,,,,0
mqar_bugcheck_mamba2_depth4_kv16_vocab512_lr3e4_seed42,Mamba2 depth=4,42,0.0003,128,16,512,,1931712,0.00541043,0.99912500,0.99925000,0.99900000,0.98950000,0.98500000,0.99900000,0.98500000,too_easy,,,,0
mqar_bugcheck_mamba2_depth4_kv16_vocab512_lr3e4_seed43,Mamba2 depth=4,43,0.0003,128,16,512,,1931712,0.01123286,0.99737500,0.99775000,0.99721875,0.96500000,0.95700000,0.99721875,0.95700000,too_easy,,,,0
mqar_bugcheck_mamba2_depth6_kv16_vocab512_lr1e4_seed42,Mamba2 depth=6,42,0.0001,128,16,512,,2765984,0.53769100,0.83850000,0.83512500,0.83512500,0.05750000,0.05750000,0.83512500,0.05750000,interesting,,,,0
mqar_bugcheck_mamba2_depth6_kv16_vocab512_lr1e4_seed43,Mamba2 depth=6,43,0.0001,128,16,512,,2765984,2.17820772,0.48184375,0.48675000,0.48675000,0.00000000,0.00000000,0.48675000,0.00000000,interesting,,,,0
mqar_bugcheck_mamba2_depth6_kv16_vocab512_lr3e4_seed42,Mamba2 depth=6,42,0.0003,128,16,512,,2765984,0.00767420,0.99781250,0.99787500,0.99784375,0.96600000,0.96550000,0.99784375,0.96550000,too_easy,,,,0
mqar_bugcheck_mamba2_depth6_kv16_vocab512_lr3e4_seed43,Mamba2 depth=6,43,0.0003,128,16,512,,2765984,0.00976957,0.99743750,0.99775000,0.99775000,0.96450000,0.96450000,0.99775000,0.96450000,too_easy,,,,0
mqar_bugcheck_ms_attention_stride4_kv16_vocab512_lr1e4_seed42,MS-attention stride=4,42,0.0001,128,16,512,,3030176,0.08424184,0.98550000,0.98518750,0.98518750,0.78350000,0.78350000,0.98518750,0.78350000,interesting,,,,0
mqar_bugcheck_ms_attention_stride4_kv16_vocab512_lr1e4_seed43,MS-attention stride=4,43,0.0001,128,16,512,,3030176,5.56317323,0.00803125,0.00362500,0.00753125,0.00000000,0.00000000,0.00753125,0.00000000,too_hard,,,,0
mqar_bugcheck_ms_attention_stride4_kv16_vocab512_lr3e4_seed42,MS-attention stride=4,42,0.0003,128,16,512,,3030176,0.00597709,0.99928125,0.99956250,0.99943750,0.99300000,0.99100000,0.99943750,0.99100000,too_easy,,,,0
mqar_bugcheck_ms_attention_stride4_kv16_vocab512_lr3e4_seed43,MS-attention stride=4,43,0.0003,128,16,512,,3030176,0.00780301,0.99921875,0.99925000,0.99925000,0.98850000,0.98850000,0.99925000,0.98850000,too_easy,,,,0
mqar_debug_small,Mamba2,42,,64,2,128,,1734720,3.21872725,0.26000000,0.26400000,,0.04700000,,0.26400000,0.04700000,interesting,,,,0
mqar_delayed_dump_debug,Mamba2,42,0.0003,256,16,512,128,1931712,5.56314902,0.00431250,0.00400000,0.00400000,0.00000000,0.00000000,0.00400000,0.00000000,too_hard,,,,0
mqar_delayed_l256_min128_mamba2_depth4_kv16_vocab512_seed42,Mamba2 depth=4,42,0.0003,256,16,512,128,1931712,5.56265045,0.00431250,0.00362500,0.00400000,0.00000000,0.00000000,0.00400000,0.00000000,too_hard,,,,0
mqar_delayed_l256_min128_ms_attention_stride4_kv16_vocab512_seed42,MS-attention stride=4,42,0.0003,256,16,512,128,3030176,5.55899200,0.00428125,0.00396875,0.00396875,0.00000000,0.00000000,0.00396875,0.00000000,too_hard,,,,0
mqar_delayed_l256_min128_ms_gated_stride2_kv16_vocab512_seed42,MS-gated stride=2,42,0.0003,256,16,512,128,2898336,5.56313834,0.00540625,0.00425000,0.00543750,0.00000000,0.00000000,0.00543750,0.00000000,too_hard,,,,0
mqar_delayed_l256_min64_mamba2_depth4_kv16_vocab512_seed42,Mamba2 depth=4,42,0.0003,256,16,512,64,1931712,5.56205334,0.00453125,0.00368750,0.00381250,0.00000000,0.00000000,0.00381250,0.00000000,too_hard,,,,0
mqar_delayed_l256_min64_ms_attention_stride4_kv16_vocab512_seed42,MS-attention stride=4,42,0.0003,256,16,512,64,3030176,5.55854245,0.00393750,0.00381250,0.00428125,0.00000000,0.00000000,0.00428125,0.00000000,too_hard,,,,0
mqar_delayed_l256_min64_ms_gated_stride2_kv16_vocab512_seed42,MS-gated stride=2,42,0.0003,256,16,512,64,2898336,5.56189397,0.00696875,0.00671875,0.00621875,0.00000000,0.00000000,0.00621875,0.00000000,too_hard,,,,0
mqar_final_easy_mamba2_depth4_L128_minnull_kv16_vocab512_train20000_seed42,Mamba2 depth=4,42,0.0003,128,16,512,,1931712,0.00541052,0.99912500,0.99925000,0.99900000,0.98950000,0.98500000,0.99900000,0.98500000,too_easy,,,,0
mqar_final_easy_mamba2_depth4_L128_minnull_kv16_vocab512_train20000_seed43,Mamba2 depth=4,43,0.0003,128,16,512,,1931712,0.01126384,0.99740625,0.99775000,0.99775000,0.96500000,0.96500000,0.99775000,0.96500000,too_easy,,,,0
mqar_final_easy_mamba2_depth4_L128_minnull_kv16_vocab512_train20000_seed44,Mamba2 depth=4,44,0.0003,128,16,512,,1931712,0.00876411,0.99750000,0.99737500,0.99737500,0.96050000,0.96050000,0.99737500,0.96050000,too_easy,,,,0
mqar_final_easy_ms_attention_stride4_L128_minnull_kv16_vocab512_train20000_seed42,MS-attention stride=4,42,0.0003,128,16,512,,3030176,0.00557412,0.99950000,0.99943750,0.99943750,0.99100000,0.99100000,0.99943750,0.99100000,too_easy,,,,0
mqar_final_easy_ms_attention_stride4_L128_minnull_kv16_vocab512_train20000_seed43,MS-attention stride=4,43,0.0003,128,16,512,,3030176,0.00775404,0.99931250,0.99928125,0.99928125,0.98850000,0.98900000,0.99928125,0.98900000,too_easy,,,,0
mqar_final_easy_ms_attention_stride4_L128_minnull_kv16_vocab512_train20000_seed44,MS-attention stride=4,44,0.0003,128,16,512,,3030176,0.05080960,0.98596875,0.98690625,0.98690625,0.81500000,0.81500000,0.98690625,0.81500000,too_easy,,,,0
mqar_final_easy_ms_gated_stride2_L128_minnull_kv16_vocab512_train20000_seed42,MS-gated stride=2,42,0.0003,128,16,512,,2898336,0.00601920,0.99887500,0.99878125,0.99859375,0.98050000,0.97800000,0.99859375,0.97800000,too_easy,,,,0
mqar_final_easy_ms_gated_stride2_L128_minnull_kv16_vocab512_train20000_seed43,MS-gated stride=2,43,0.0003,128,16,512,,2898336,0.00837625,0.99812500,0.99850000,0.99831250,0.97600000,0.97300000,0.99831250,0.97300000,too_easy,,,,0
mqar_final_easy_ms_gated_stride2_L128_minnull_kv16_vocab512_train20000_seed44,MS-gated stride=2,44,0.0003,128,16,512,,2898336,0.01497715,0.99562500,0.99684375,0.99684375,0.95300000,0.95300000,0.99684375,0.95300000,too_easy,,,,0
mqar_final_transition704_mamba2_depth4_L128_minnull_kv16_vocab704_train20000_seed42,Mamba2 depth=4,42,0.0003,128,16,704,,2030208,0.07183446,0.98112500,0.98109375,0.98109375,0.73500000,0.73500000,0.98109375,0.73500000,interesting,,,,0
mqar_final_transition704_mamba2_depth4_L128_minnull_kv16_vocab704_train20000_seed43,Mamba2 depth=4,43,0.0003,128,16,704,,2030208,0.01155850,0.99725000,0.99734375,0.99734375,0.95850000,0.95850000,0.99734375,0.95850000,too_easy,,,,0
mqar_final_transition704_mamba2_depth4_L128_minnull_kv16_vocab704_train20000_seed44,Mamba2 depth=4,44,0.0003,128,16,704,,2030208,5.88266154,0.00928125,0.00253125,0.00878125,0.00000000,0.00000000,0.00878125,0.00000000,too_hard,,,,0
mqar_final_transition704_ms_attention_stride4_L128_minnull_kv16_vocab704_train20000_seed42,MS-attention stride=4,42,0.0003,128,16,704,,3128672,5.87841718,0.01712500,0.00290625,0.01662500,0.00000000,0.00000000,0.01662500,0.00000000,too_hard,,,,0
mqar_final_transition704_ms_attention_stride4_L128_minnull_kv16_vocab704_train20000_seed43,MS-attention stride=4,43,0.0003,128,16,704,,3128672,5.87956819,0.01687500,0.00256250,0.01653125,0.00000000,0.00000000,0.01653125,0.00000000,too_hard,,,,0
mqar_final_transition704_ms_attention_stride4_L128_minnull_kv16_vocab704_train20000_seed44,MS-attention stride=4,44,0.0003,128,16,704,,3128672,5.87892346,0.01021875,0.00781250,0.01112500,0.00000000,0.00000000,0.01112500,0.00000000,too_hard,,,,0
mqar_final_transition704_ms_gated_stride2_L128_minnull_kv16_vocab704_train20000_seed42,MS-gated stride=2,42,0.0003,128,16,704,,2996832,0.02519671,0.99303125,0.99371875,0.99371875,0.90500000,0.90500000,0.99371875,0.90500000,too_easy,,,,0
mqar_final_transition704_ms_gated_stride2_L128_minnull_kv16_vocab704_train20000_seed43,MS-gated stride=2,43,0.0003,128,16,704,,2996832,0.01197193,0.99709375,0.99703125,0.99687500,0.95350000,0.95100000,0.99687500,0.95100000,too_easy,,,,0
mqar_final_transition704_ms_gated_stride2_L128_minnull_kv16_vocab704_train20000_seed44,MS-gated stride=2,44,0.0003,128,16,704,,2996832,0.04483674,0.98912500,0.98868750,0.98868750,0.83700000,0.83700000,0.98868750,0.83700000,too_easy,,,,0
mqar_final_transition768_mamba2_depth4_L128_minnull_kv16_vocab768_train20000_seed42,Mamba2 depth=4,42,0.0003,128,16,768,,2063040,5.96889821,0.03040625,0.00284375,0.03009375,0.00000000,0.00000000,0.03009375,0.00000000,too_hard,,,,0
mqar_final_transition768_mamba2_depth4_L128_minnull_kv16_vocab768_train20000_seed43,Mamba2 depth=4,43,0.0003,128,16,768,,2063040,5.96812357,0.02103125,0.00246875,0.02015625,0.00000000,0.00000000,0.02015625,0.00000000,too_hard,,,,0
mqar_final_transition768_mamba2_depth4_L128_minnull_kv16_vocab768_train20000_seed44,Mamba2 depth=4,44,0.0003,128,16,768,,2063040,0.03423185,0.99187500,0.99290625,0.99290625,0.89100000,0.89100000,0.99290625,0.89100000,too_easy,,,,0
mqar_final_transition768_ms_attention_stride4_L128_minnull_kv16_vocab768_train20000_seed42,MS-attention stride=4,42,0.0003,128,16,768,,3161504,5.96274332,0.01634375,0.00296875,0.01650000,0.00000000,0.00000000,0.01650000,0.00000000,too_hard,,,,0
mqar_final_transition768_ms_attention_stride4_L128_minnull_kv16_vocab768_train20000_seed43,MS-attention stride=4,43,0.0003,128,16,768,,3161504,5.96519043,0.00865625,0.00265625,0.00915625,0.00000000,0.00000000,0.00915625,0.00000000,too_hard,,,,0
mqar_final_transition768_ms_attention_stride4_L128_minnull_kv16_vocab768_train20000_seed44,MS-attention stride=4,44,0.0003,128,16,768,,3161504,5.96675758,0.00421875,0.00234375,0.00465625,0.00000000,0.00000000,0.00465625,0.00000000,too_hard,,,,0
mqar_final_transition768_ms_gated_stride2_L128_minnull_kv16_vocab768_train20000_seed42,MS-gated stride=2,42,0.0003,128,16,768,,3029664,0.15206351,0.95606250,0.95793750,0.95793750,0.50250000,0.50250000,0.95793750,0.50250000,interesting,,,,0
mqar_final_transition768_ms_gated_stride2_L128_minnull_kv16_vocab768_train20000_seed43,MS-gated stride=2,43,0.0003,128,16,768,,3029664,5.96922855,0.01421875,0.00278125,0.01359375,0.00000000,0.00000000,0.01359375,0.00000000,too_hard,,,,0
mqar_final_transition768_ms_gated_stride2_L128_minnull_kv16_vocab768_train20000_seed44,MS-gated stride=2,44,0.0003,128,16,768,,3029664,0.01851236,0.99578125,0.99578125,0.99578125,0.93350000,0.93350000,0.99578125,0.93350000,too_easy,,,,0
mqar_hard_rerun_mamba2_depth4_kv16_vocab1024_lr3e4_seed42,Mamba2 depth=4,42,0.0003,128,16,1024,,2194368,6.25603284,0.01809375,0.00231250,0.01921875,0.00000000,0.00000000,0.01921875,0.00000000,too_hard,,,,0
mqar_hard_rerun_mamba2_depth4_kv16_vocab1024_lr3e4_seed43,Mamba2 depth=4,43,0.0003,128,16,1024,,2194368,6.25585289,0.00796875,0.00203125,0.00818750,0.00000000,0.00000000,0.00818750,0.00000000,too_hard,,,,0
mqar_hard_rerun_mamba2_depth4_kv16_vocab768_lr3e4_seed42,Mamba2 depth=4,42,0.0003,128,16,768,,2063040,5.96889854,0.03050000,0.00284375,0.03009375,0.00000000,0.00000000,0.03009375,0.00000000,too_hard,,,,0
mqar_hard_rerun_mamba2_depth4_kv16_vocab768_lr3e4_seed43,Mamba2 depth=4,43,0.0003,128,16,768,,2063040,5.96812369,0.02109375,0.00246875,0.02012500,0.00000000,0.00000000,0.02012500,0.00000000,too_hard,,,,0
mqar_hard_rerun_mamba2_depth4_kv16_vocab_640_lr3e4_seed42,Mamba2 depth=4,42,0.0003,128,16,640,,1997376,0.01772772,0.99584375,0.99556250,0.99556250,0.93150000,0.93150000,0.99556250,0.93150000,too_easy,,,,0
mqar_hard_rerun_mamba2_depth4_kv16_vocab_640_lr3e4_seed43,Mamba2 depth=4,43,0.0003,128,16,640,,1997376,0.01415691,0.99606250,0.99525000,0.99525000,0.92700000,0.92700000,0.99525000,0.92700000,too_easy,,,,0
mqar_hard_rerun_ms_attention_stride4_kv16_vocab1024_lr3e4_seed42,MS-attention stride=4,42,0.0003,128,16,1024,,3292832,6.25329695,0.00225000,0.00209375,0.00215625,0.00000000,0.00000000,0.00215625,0.00000000,too_hard,,,,0
mqar_hard_rerun_ms_attention_stride4_kv16_vocab1024_lr3e4_seed43,MS-attention stride=4,43,0.0003,128,16,1024,,3292832,6.25383788,0.00221875,0.00243750,0.00243750,0.00000000,0.00000000,0.00243750,0.00000000,too_hard,,,,0
mqar_hard_rerun_ms_attention_stride4_kv16_vocab768_lr3e4_seed42,MS-attention stride=4,42,0.0003,128,16,768,,3161504,5.96274310,0.01646875,0.00296875,0.01668750,0.00000000,0.00000000,0.01668750,0.00000000,too_hard,,,,0
mqar_hard_rerun_ms_attention_stride4_kv16_vocab768_lr3e4_seed43,MS-attention stride=4,43,0.0003,128,16,768,,3161504,5.96519051,0.00868750,0.00265625,0.00912500,0.00000000,0.00000000,0.00912500,0.00000000,too_hard,,,,0
mqar_hard_rerun_ms_attention_stride4_kv16_vocab_640_lr3e4_seed42,MS-attention stride=4,42,0.0003,128,16,640,,3095840,5.78214020,0.00356250,0.00337500,0.00387500,0.00000000,0.00000000,0.00387500,0.00000000,too_hard,,,,0
mqar_hard_rerun_ms_attention_stride4_kv16_vocab_640_lr3e4_seed43,MS-attention stride=4,43,0.0003,128,16,640,,3095840,5.78360336,0.02128125,0.00296875,0.02059375,0.00000000,0.00000000,0.02059375,0.00000000,too_hard,,,,0
mqar_mamba2_depth4_len128,Mamba2 depth=4,42,0.0003,128,16,640,,1997376,5.78777928,0.00346875,0.00281250,0.00281250,0.00000000,0.00000000,0.00281250,0.00000000,too_hard,,,,0
mqar_mamba2_depth4_len128_easy_kv12_vocab_512,Mamba2 depth=4,42,,128,12,512,,1931712,0.00665706,0.99900000,0.99929167,,0.99150000,,0.99929167,0.99150000,too_easy,,,,0
mqar_mamba2_depth4_len128_easy_kv16_vocab_512,Mamba2 depth=4,42,,128,16,512,,1931712,0.00541118,0.99909375,0.99925000,,0.98950000,,0.99925000,0.98950000,too_easy,,,,0
mqar_mamba2_depth4_len128_easy_kv4_vocab256,Mamba2 depth=4,42,,128,8,512,,1931712,0.01095236,0.99737500,0.99762500,,0.98100000,,0.99762500,0.98100000,too_easy,,,,0
mqar_mamba2_depth6_len128,Mamba2 depth=6,42,,128,16,1024,,3028640,6.28395453,0.00193750,0.00137500,,0.00000000,,0.00137500,0.00000000,too_hard,,,,0
mqar_mamba2_depth6_len128_easy_kv12_vocab_512,Mamba2 depth=6,42,,128,12,512,,2765984,0.01432909,0.99566667,0.99583333,,0.95250000,,0.99583333,0.95250000,too_easy,,,,0
mqar_mamba2_depth6_len128_easy_kv16_vocab_512,Mamba2 depth=6,42,,128,16,512,,2765984,0.00775692,0.99781250,0.99787500,,0.96600000,,0.99787500,0.96600000,too_easy,,,,0
mqar_mamba2_depth6_len128_easy_kv4_vocab256,Mamba2 depth=6,42,,128,8,512,,2765984,0.05039835,0.98437500,0.98375000,,0.87450000,,0.98375000,0.87450000,too_easy,,,,0
mqar_ms_attention_stride4_len128,MS-attention stride=4,42,,128,16,1024,,3292832,6.28815973,0.00187500,0.00181250,,0.00000000,,0.00181250,0.00000000,too_hard,,,,0
mqar_ms_attention_stride4_len128_easy_kv12_vocab_512,MS-attention stride=4,42,,128,12,512,,3030176,0.00859943,0.99887500,0.99920833,,0.99050000,,0.99920833,0.99050000,too_easy,,,,0
mqar_ms_attention_stride4_len128_easy_kv16_vocab_512,MS-attention stride=4,42,,128,16,512,,3030176,0.00588597,0.99934375,0.99943750,,0.99100000,,0.99943750,0.99100000,too_easy,,,,0
mqar_ms_attention_stride4_len128_easy_kv4_vocab256,MS-attention stride=4,42,,128,8,512,,3030176,0.01675417,0.99618750,0.99600000,,0.96850000,,0.99600000,0.96850000,too_easy,,,,0
mqar_ms_gated_stride2_len128,MS-gated stride=2,42,,128,16,1024,,3160992,6.28598901,0.00200000,0.00143750,,0.00000000,,0.00143750,0.00000000,too_hard,,,,0
mqar_ms_gated_stride2_len128_easy_kv12_vocab_512,MS-gated stride=2,42,,128,12,512,,2898336,0.01000041,0.99775000,0.99795833,,0.97550000,,0.99795833,0.97550000,too_easy,,,,0
mqar_ms_gated_stride2_len128_easy_kv16_vocab_512,MS-gated stride=2,42,,128,16,512,,2898336,0.00601718,0.99887500,0.99875000,,0.98000000,,0.99875000,0.98000000,too_easy,,,,0
mqar_ms_gated_stride2_len128_easy_kv4_vocab256,MS-gated stride=2,42,,128,8,512,,2898336,0.01560654,0.99668750,0.99556250,,0.96500000,,0.99556250,0.96500000,too_easy,,,,0
mqar_sweep_A_mamba2_depth4_L128_minNone_kv16_vocab512_train20000_seed42,Mamba2 depth=4,42,0.0003,128,16,512,,1931712,0.00540267,0.99912500,0.99925000,0.99909375,0.98950000,0.98650000,0.99909375,0.98650000,too_easy,A,mamba2_depth4,A/L128/minminNone/kv16/vocab512/train20000,1
mqar_sweep_A_mamba2_depth4_L160_minNone_kv16_vocab512_train20000_seed42,Mamba2 depth=4,42,0.0003,160,16,512,,1931712,0.00711443,0.99837500,0.99900000,0.99887500,0.98400000,0.98200000,0.99887500,0.98200000,too_easy,A,mamba2_depth4,A/L160/minminNone/kv16/vocab512/train20000,1
mqar_sweep_A_mamba2_depth4_L192_minNone_kv16_vocab512_train20000_seed42,Mamba2 depth=4,42,0.0003,192,16,512,,1931712,0.00990369,0.99746875,0.99718750,0.99718750,0.95550000,0.95550000,0.99718750,0.95550000,too_easy,A,mamba2_depth4,A/L192/minminNone/kv16/vocab512/train20000,1
mqar_sweep_A_mamba2_depth4_L224_minNone_kv16_vocab512_train20000_seed42,Mamba2 depth=4,42,0.0003,224,16,512,,1931712,0.00941990,0.99775000,0.99687500,0.99653125,0.95300000,0.94800000,0.99653125,0.94800000,too_easy,A,mamba2_depth4,A/L224/minminNone/kv16/vocab512/train20000,1
mqar_sweep_A_mamba2_depth4_L256_minNone_kv16_vocab512_train20000_seed42,Mamba2 depth=4,42,0.0003,256,16,512,,1931712,0.00944057,0.99912500,0.99884375,0.99890625,0.98150000,0.98250000,0.99890625,0.98250000,too_easy,A,mamba2_depth4,A/L256/minminNone/kv16/vocab512/train20000,1
mqar_sweep_A_ms_attention_stride4_L128_minNone_kv16_vocab512_train20000_seed42,MS-attention stride=4,42,0.0003,128,16,512,,3030176,0.00566231,0.99946875,0.99950000,0.99937500,0.99200000,0.99000000,0.99937500,0.99000000,too_easy,A,ms_attention_stride4,A/L128/minminNone/kv16/vocab512/train20000,1
mqar_sweep_A_ms_attention_stride4_L160_minNone_kv16_vocab512_train20000_seed42,MS-attention stride=4,42,0.0003,160,16,512,,3030176,0.01175129,0.99846875,0.99846875,0.99846875,0.97550000,0.97550000,0.99846875,0.97550000,too_easy,A,ms_attention_stride4,A/L160/minminNone/kv16/vocab512/train20000,1
mqar_sweep_A_ms_attention_stride4_L192_minNone_kv16_vocab512_train20000_seed42,MS-attention stride=4,42,0.0003,192,16,512,,3030176,5.55559529,0.04156250,0.01837500,0.04137500,0.00000000,0.00000000,0.04137500,0.00000000,too_hard,A,ms_attention_stride4,A/L192/minminNone/kv16/vocab512/train20000,1
mqar_sweep_A_ms_attention_stride4_L224_minNone_kv16_vocab512_train20000_seed42,MS-attention stride=4,42,0.0003,224,16,512,,3030176,0.02625919,0.99443750,0.99490625,0.99490625,0.92100000,0.92100000,0.99490625,0.92100000,too_easy,A,ms_attention_stride4,A/L224/minminNone/kv16/vocab512/train20000,1
mqar_sweep_A_ms_attention_stride4_L256_minNone_kv16_vocab512_train20000_seed42,MS-attention stride=4,42,0.0003,256,16,512,,3030176,5.55834616,0.01543750,0.00362500,0.01459375,0.00000000,0.00000000,0.01459375,0.00000000,too_hard,A,ms_attention_stride4,A/L256/minminNone/kv16/vocab512/train20000,1
mqar_sweep_A_ms_gated_stride2_L128_minNone_kv16_vocab512_train20000_seed42,MS-gated stride=2,42,0.0003,128,16,512,,2898336,0.00601660,0.99881250,0.99884375,0.99856250,0.98150000,0.97750000,0.99856250,0.97750000,too_easy,A,ms_gated_stride2,A/L128/minminNone/kv16/vocab512/train20000,1
mqar_sweep_A_ms_gated_stride2_L160_minNone_kv16_vocab512_train20000_seed42,MS-gated stride=2,42,0.0003,160,16,512,,2898336,0.00755797,0.99831250,0.99853125,0.99840625,0.97700000,0.97500000,0.99840625,0.97500000,too_easy,A,ms_gated_stride2,A/L160/minminNone/kv16/vocab512/train20000,1
mqar_sweep_A_ms_gated_stride2_L192_minNone_kv16_vocab512_train20000_seed42,MS-gated stride=2,42,0.0003,192,16,512,,2898336,0.01292153,0.99634375,0.99700000,0.99700000,0.95400000,0.95400000,0.99700000,0.95400000,too_easy,A,ms_gated_stride2,A/L192/minminNone/kv16/vocab512/train20000,1
mqar_sweep_A_ms_gated_stride2_L224_minNone_kv16_vocab512_train20000_seed42,MS-gated stride=2,42,0.0003,224,16,512,,2898336,0.02712894,0.99184375,0.99150000,0.99150000,0.87400000,0.87400000,0.99150000,0.87400000,too_easy,A,ms_gated_stride2,A/L224/minminNone/kv16/vocab512/train20000,1
mqar_sweep_A_ms_gated_stride2_L256_minNone_kv16_vocab512_train20000_seed42,MS-gated stride=2,42,0.0003,256,16,512,,2898336,0.01345740,0.99615625,0.99556250,0.99556250,0.93150000,0.93150000,0.99556250,0.93150000,too_easy,A,ms_gated_stride2,A/L256/minminNone/kv16/vocab512/train20000,1
mqar_sweep_B_mamba2_depth4_L256_min128_kv16_vocab512_train20000_seed42,Mamba2 depth=4,42,0.0003,256,16,512,128,1931712,5.56265068,0.00431250,0.00362500,0.00400000,0.00000000,0.00000000,0.00400000,0.00000000,too_hard,B,mamba2_depth4,B/L256/minmin128/kv16/vocab512/train20000,1
mqar_sweep_B_mamba2_depth4_L256_min48_kv16_vocab512_train20000_seed42,Mamba2 depth=4,42,0.0003,256,16,512,48,1931712,5.56151262,0.01812500,0.00581250,0.01812500,0.00000000,0.00000000,0.01812500,0.00000000,too_hard,B,mamba2_depth4,B/L256/minmin48/kv16/vocab512/train20000,1
mqar_sweep_B_mamba2_depth4_L256_min64_kv16_vocab512_train20000_seed42,Mamba2 depth=4,42,0.0003,256,16,512,64,1931712,5.56205316,0.00453125,0.00368750,0.00378125,0.00000000,0.00000000,0.00378125,0.00000000,too_hard,B,mamba2_depth4,B/L256/minmin64/kv16/vocab512/train20000,1
mqar_sweep_B_mamba2_depth4_L256_min96_kv16_vocab512_train20000_seed42,Mamba2 depth=4,42,0.0003,256,16,512,96,1931712,5.56214069,0.00556250,0.00390625,0.00515625,0.00000000,0.00000000,0.00515625,0.00000000,too_hard,B,mamba2_depth4,B/L256/minmin96/kv16/vocab512/train20000,1
mqar_sweep_B_ms_attention_stride4_L256_min128_kv16_vocab512_train20000_seed42,MS-attention stride=4,42,0.0003,256,16,512,128,3030176,5.55899176,0.00428125,0.00396875,0.00396875,0.00000000,0.00000000,0.00396875,0.00000000,too_hard,B,ms_attention_stride4,B/L256/minmin128/kv16/vocab512/train20000,1
mqar_sweep_B_ms_attention_stride4_L256_min48_kv16_vocab512_train20000_seed42,MS-attention stride=4,42,0.0003,256,16,512,48,3030176,5.55905470,0.00437500,0.00387500,0.00353125,0.00000000,0.00000000,0.00353125,0.00000000,too_hard,B,ms_attention_stride4,B/L256/minmin48/kv16/vocab512/train20000,1
mqar_sweep_B_ms_attention_stride4_L256_min64_kv16_vocab512_train20000_seed42,MS-attention stride=4,42,0.0003,256,16,512,64,3030176,5.55854233,0.00390625,0.00381250,0.00428125,0.00000000,0.00000000,0.00428125,0.00000000,too_hard,B,ms_attention_stride4,B/L256/minmin64/kv16/vocab512/train20000,1
mqar_sweep_B_ms_attention_stride4_L256_min96_kv16_vocab512_train20000_seed42,MS-attention stride=4,42,0.0003,256,16,512,96,3030176,5.55834143,0.00393750,0.00415625,0.00387500,0.00000000,0.00000000,0.00387500,0.00000000,too_hard,B,ms_attention_stride4,B/L256/minmin96/kv16/vocab512/train20000,1
mqar_sweep_B_ms_gated_stride2_L256_min128_kv16_vocab512_train20000_seed42,MS-gated stride=2,42,0.0003,256,16,512,128,2898336,5.56313840,0.00540625,0.00425000,0.00543750,0.00000000,0.00000000,0.00543750,0.00000000,too_hard,B,ms_gated_stride2,B/L256/minmin128/kv16/vocab512/train20000,1
mqar_sweep_B_ms_gated_stride2_L256_min48_kv16_vocab512_train20000_seed42,MS-gated stride=2,42,0.0003,256,16,512,48,2898336,5.55995296,0.00703125,0.00743750,0.00743750,0.00000000,0.00000000,0.00743750,0.00000000,too_hard,B,ms_gated_stride2,B/L256/minmin48/kv16/vocab512/train20000,1
mqar_sweep_B_ms_gated_stride2_L256_min64_kv16_vocab512_train20000_seed42,MS-gated stride=2,42,0.0003,256,16,512,64,2898336,5.56189392,0.00696875,0.00671875,0.00621875,0.00000000,0.00000000,0.00621875,0.00000000,too_hard,B,ms_gated_stride2,B/L256/minmin64/kv16/vocab512/train20000,1
mqar_sweep_B_ms_gated_stride2_L256_min96_kv16_vocab512_train20000_seed42,MS-gated stride=2,42,0.0003,256,16,512,96,2898336,5.56157321,0.00718750,0.00709375,0.00759375,0.00000000,0.00000000,0.00759375,0.00000000,too_hard,B,ms_gated_stride2,B/L256/minmin96/kv16/vocab512/train20000,1
mqar_sweep_C_mamba2_depth4_L128_minNone_kv16_vocab512_train20000_seed42,Mamba2 depth=4,42,0.0003,128,16,512,,1931712,0.00540755,0.99912500,0.99925000,0.99896875,0.98950000,0.98450000,0.99896875,0.98450000,too_easy,C,mamba2_depth4,C/L128/minminNone/kv16/vocab512/train20000,1
mqar_sweep_C_mamba2_depth4_L128_minNone_kv16_vocab576_train20000_seed42,Mamba2 depth=4,42,0.0003,128,16,576,,1964544,0.00881884,0.99790625,0.99843750,0.99853125,0.97500000,0.97650000,0.99853125,0.97650000,too_easy,C,mamba2_depth4,C/L128/minminNone/kv16/vocab576/train20000,1
mqar_sweep_C_mamba2_depth4_L128_minNone_kv16_vocab640_train20000_seed42,Mamba2 depth=4,42,0.0003,128,16,640,,1997376,0.01768431,0.99581250,0.99559375,0.99559375,0.93200000,0.93200000,0.99559375,0.93200000,too_easy,C,mamba2_depth4,C/L128/minminNone/kv16/vocab640/train20000,1
mqar_sweep_C_mamba2_depth4_L128_minNone_kv16_vocab704_train20000_seed42,Mamba2 depth=4,42,0.0003,128,16,704,,2030208,0.07244588,0.98078125,0.98106250,0.98106250,0.73650000,0.73650000,0.98106250,0.73650000,interesting,C,mamba2_depth4,C/L128/minminNone/kv16/vocab704/train20000,1
mqar_sweep_C_mamba2_depth4_L128_minNone_kv16_vocab768_train20000_seed42,Mamba2 depth=4,42,0.0003,128,16,768,,2063040,5.96889841,0.03053125,0.00284375,0.03006250,0.00000000,0.00000000,0.03006250,0.00000000,too_hard,C,mamba2_depth4,C/L128/minminNone/kv16/vocab768/train20000,1
mqar_sweep_C_ms_attention_stride4_L128_minNone_kv16_vocab512_train20000_seed42,MS-attention stride=4,42,0.0003,128,16,512,,3030176,0.00586814,0.99959375,0.99946875,0.99946875,0.99150000,0.99150000,0.99946875,0.99150000,too_easy,C,ms_attention_stride4,C/L128/minminNone/kv16/vocab512/train20000,1
mqar_sweep_C_ms_attention_stride4_L128_minNone_kv16_vocab576_train20000_seed42,MS-attention stride=4,42,0.0003,128,16,576,,3063008,0.01531313,0.99771875,0.99712500,0.99712500,0.95550000,0.95550000,0.99712500,0.95550000,too_easy,C,ms_attention_stride4,C/L128/minminNone/kv16/vocab576/train20000,1
mqar_sweep_C_ms_attention_stride4_L128_minNone_kv16_vocab640_train20000_seed42,MS-attention stride=4,42,0.0003,128,16,640,,3095840,5.78214020,0.00368750,0.00337500,0.00396875,0.00000000,0.00000000,0.00396875,0.00000000,too_hard,C,ms_attention_stride4,C/L128/minminNone/kv16/vocab640/train20000,1
mqar_sweep_C_ms_attention_stride4_L128_minNone_kv16_vocab704_train20000_seed42,MS-attention stride=4,42,0.0003,128,16,704,,3128672,5.87841718,0.01725000,0.00290625,0.01675000,0.00000000,0.00000000,0.01675000,0.00000000,too_hard,C,ms_attention_stride4,C/L128/minminNone/kv16/vocab704/train20000,1
mqar_sweep_C_ms_attention_stride4_L128_minNone_kv16_vocab768_train20000_seed42,MS-attention stride=4,42,0.0003,128,16,768,,3161504,5.96274323,0.01646875,0.00296875,0.01653125,0.00000000,0.00000000,0.01653125,0.00000000,too_hard,C,ms_attention_stride4,C/L128/minminNone/kv16/vocab768/train20000,1
mqar_sweep_C_ms_gated_stride2_L128_minNone_kv16_vocab512_train20000_seed42,MS-gated stride=2,42,0.0003,128,16,512,,2898336,0.00601044,0.99893750,0.99878125,0.99878125,0.98050000,0.98050000,0.99878125,0.98050000,too_easy,C,ms_gated_stride2,C/L128/minminNone/kv16/vocab512/train20000,1
mqar_sweep_C_ms_gated_stride2_L128_minNone_kv16_vocab576_train20000_seed42,MS-gated stride=2,42,0.0003,128,16,576,,2931168,0.01125365,0.99706250,0.99693750,0.99665625,0.95250000,0.94800000,0.99665625,0.94800000,too_easy,C,ms_gated_stride2,C/L128/minminNone/kv16/vocab576/train20000,1
mqar_sweep_C_ms_gated_stride2_L128_minNone_kv16_vocab640_train20000_seed42,MS-gated stride=2,42,0.0003,128,16,640,,2964000,0.01486585,0.99640625,0.99678125,0.99690625,0.95000000,0.95250000,0.99690625,0.95250000,too_easy,C,ms_gated_stride2,C/L128/minminNone/kv16/vocab640/train20000,1
mqar_sweep_C_ms_gated_stride2_L128_minNone_kv16_vocab704_train20000_seed42,MS-gated stride=2,42,0.0003,128,16,704,,2996832,0.02513028,0.99306250,0.99375000,0.99375000,0.90500000,0.90500000,0.99375000,0.90500000,too_easy,C,ms_gated_stride2,C/L128/minminNone/kv16/vocab704/train20000,1
mqar_sweep_C_ms_gated_stride2_L128_minNone_kv16_vocab768_train20000_seed42,MS-gated stride=2,42,0.0003,128,16,768,,3029664,0.15240903,0.95587500,0.95803125,0.95803125,0.50300000,0.50300000,0.95803125,0.50300000,interesting,C,ms_gated_stride2,C/L128/minminNone/kv16/vocab768/train20000,1
mqar_sweep_D_mamba2_depth4_L128_minNone_kv16_vocab512_train5000_seed42,Mamba2 depth=4,42,0.0003,128,16,512,,1931712,5.57912650,0.00465625,0.00362500,0.00378125,0.00000000,0.00000000,0.00378125,0.00000000,too_hard,D,mamba2_depth4,D/L128/minminNone/kv16/vocab512/train5000,1
mqar_sweep_D_mamba2_depth4_L160_minNone_kv16_vocab512_train5000_seed42,Mamba2 depth=4,42,0.0003,160,16,512,,1931712,5.57684619,0.00437500,0.00475000,0.00475000,0.00000000,0.00000000,0.00475000,0.00000000,too_hard,D,mamba2_depth4,D/L160/minminNone/kv16/vocab512/train5000,1
mqar_sweep_D_mamba2_depth4_L192_minNone_kv16_vocab512_train5000_seed42,Mamba2 depth=4,42,0.0003,192,16,512,,1931712,5.58183766,0.00412500,0.00421875,0.00353125,0.00000000,0.00000000,0.00353125,0.00000000,too_hard,D,mamba2_depth4,D/L192/minminNone/kv16/vocab512/train5000,1
mqar_sweep_D_ms_attention_stride4_L128_minNone_kv16_vocab512_train5000_seed42,MS-attention stride=4,42,0.0003,128,16,512,,3030176,5.57907808,0.00431250,0.00400000,0.00325000,0.00000000,0.00000000,0.00325000,0.00000000,too_hard,D,ms_attention_stride4,D/L128/minminNone/kv16/vocab512/train5000,1
mqar_sweep_D_ms_attention_stride4_L160_minNone_kv16_vocab512_train5000_seed42,MS-attention stride=4,42,0.0003,160,16,512,,3030176,5.58176166,0.00434375,0.00356250,0.00356250,0.00000000,0.00000000,0.00356250,0.00000000,too_hard,D,ms_attention_stride4,D/L160/minminNone/kv16/vocab512/train5000,1
mqar_sweep_D_ms_attention_stride4_L192_minNone_kv16_vocab512_train5000_seed42,MS-attention stride=4,42,0.0003,192,16,512,,3030176,5.58100186,0.00431250,0.00346875,0.00393750,0.00000000,0.00000000,0.00393750,0.00000000,too_hard,D,ms_attention_stride4,D/L192/minminNone/kv16/vocab512/train5000,1
mqar_sweep_D_ms_gated_stride2_L128_minNone_kv16_vocab512_train5000_seed42,MS-gated stride=2,42,0.0003,128,16,512,,2898336,5.58273384,0.00478125,0.00412500,0.00350000,0.00000000,0.00000000,0.00350000,0.00000000,too_hard,D,ms_gated_stride2,D/L128/minminNone/kv16/vocab512/train5000,1
mqar_sweep_D_ms_gated_stride2_L160_minNone_kv16_vocab512_train5000_seed42,MS-gated stride=2,42,0.0003,160,16,512,,2898336,5.58102756,0.00440625,0.00418750,0.00418750,0.00000000,0.00000000,0.00418750,0.00000000,too_hard,D,ms_gated_stride2,D/L160/minminNone/kv16/vocab512/train5000,1
mqar_sweep_D_ms_gated_stride2_L192_minNone_kv16_vocab512_train5000_seed42,MS-gated stride=2,42,0.0003,192,16,512,,2898336,5.58478510,0.00471875,0.00384375,0.00368750,0.00000000,0.00000000,0.00368750,0.00000000,too_hard,D,ms_gated_stride2,D/L192/minminNone/kv16/vocab512/train5000,1
mqar_vocab640_mamba2_depth4_kv16_lr3e4_seed42,Mamba2 depth=4,42,0.0003,128,16,640,,1997376,0.01765774,0.99581250,0.99562500,0.99562500,0.93250000,0.93250000,0.99562500,0.93250000,too_easy,,,,0
mqar_vocab640_ms_attention_stride4_dropout00_kv16_lr3e4_seed42,MS-attention stride=4,42,0.0003,128,16,640,,3095840,5.78183356,0.00343750,0.00328125,0.00328125,0.00000000,0.00000000,0.00328125,0.00000000,too_hard,,,,0
mqar_vocab640_ms_attention_stride4_dropout01_kv16_lr3e4_seed42,MS-attention stride=4,42,0.0003,128,16,640,,3095840,5.78214014,0.00353125,0.00337500,0.00396875,0.00000000,0.00000000,0.00396875,0.00000000,too_hard,,,,0
mqar_vocab640_ms_gated_stride2_kv16_lr3e4_seed42,MS-gated stride=2,42,0.0003,128,16,640,,2964000,0.01490364,0.99637500,0.99671875,0.99671875,0.94950000,0.94950000,0.99671875,0.94950000,too_easy,,,,0
